{"cameraMode":{"drawMode":0,"name":"Shaded","section":"Shading Mode"},"sceneLighting":false,"audioPlay":false,"sceneViewState":{"m_AlwaysRefresh":false,"showFog":true,"showSkybox":false,"showFlares":true,"showImageEffects":true,"showParticleSystems":true,"showVisualEffectGraphs":true,"m_FxEnabled":true},"in2DMode":false,"pivot":{"x":15.986562728881836,"y":1.0786628723144532,"z":-4.969968795776367},"rotation":{"x":0.3140959143638611,"y":0.0028472747653722765,"z":-0.0009470569784753025,"w":0.9494057893753052},"size":7.889867305755615,"orthographic":false}