{"cameraMode":{"drawMode":0,"name":"Shaded","section":"Shading Mode"},"sceneLighting":false,"audioPlay":false,"sceneViewState":{"m_AlwaysRefresh":false,"showFog":true,"showSkybox":false,"showFlares":true,"showImageEffects":true,"showParticleSystems":true,"showVisualEffectGraphs":true,"m_FxEnabled":true},"in2DMode":false,"pivot":{"x":13.768538475036621,"y":0.1627063751220703,"z":-19.358787536621095},"rotation":{"x":0.08348697423934937,"y":0.9112043976783752,"z":-0.3321000933647156,"w":0.22907792031764985},"size":7.889867305755615,"orthographic":false}