{"cameraMode":{"drawMode":0,"name":"Shaded","section":"Shading Mode"},"sceneLighting":true,"audioPlay":false,"sceneViewState":{"m_AlwaysRefresh":false,"showFog":true,"showSkybox":true,"showFlares":true,"showImageEffects":true,"showParticleSystems":true,"showVisualEffectGraphs":true,"m_FxEnabled":true},"in2DMode":false,"pivot":{"x":9.607099533081055,"y":1.0529656410217286,"z":5.477405548095703},"rotation":{"x":-0.13366101682186128,"y":-0.37215662002563479,"z":0.05473224073648453,"w":-0.9171708226203919},"size":11.277081489562989,"orthographic":false}