{"cameraMode":{"drawMode":0,"name":"Shaded","section":"Shading Mode"},"sceneLighting":false,"audioPlay":false,"sceneViewState":{"m_AlwaysRefresh":false,"showFog":true,"showSkybox":false,"showFlares":true,"showImageEffects":true,"showParticleSystems":true,"showVisualEffectGraphs":true,"m_FxEnabled":true},"in2DMode":false,"pivot":{"x":0.00025391578674316406,"y":1.3628731966018677,"z":-25.00415802001953},"rotation":{"x":-0.07020395994186402,"y":0.5910199880599976,"z":-0.051728151738643649,"w":-0.8019787073135376},"size":0.8619018793106079,"orthographic":false}