{"cameraMode":{"drawMode":0,"name":"Shaded","section":"Shading Mode"},"sceneLighting":false,"audioPlay":false,"sceneViewState":{"m_AlwaysRefresh":false,"showFog":true,"showSkybox":false,"showFlares":true,"showImageEffects":true,"showParticleSystems":true,"showVisualEffectGraphs":true,"m_FxEnabled":true},"in2DMode":false,"pivot":{"x":15.485633850097657,"y":-7.2023468017578129,"z":11.700033187866211},"rotation":{"x":0.33662423491477969,"y":0.02965405397117138,"z":-0.010612677782773972,"w":0.9411329627037048},"size":16.372827529907228,"orthographic":false}