{"cameraMode":{"drawMode":0,"name":"Shaded","section":"Shading Mode"},"sceneLighting":false,"audioPlay":false,"sceneViewState":{"m_AlwaysRefresh":false,"showFog":true,"showSkybox":false,"showFlares":true,"showImageEffects":true,"showParticleSystems":true,"showVisualEffectGraphs":true,"m_FxEnabled":true},"in2DMode":false,"pivot":{"x":-13.457682609558106,"y":-13.522201538085938,"z":7.073921203613281},"rotation":{"x":0.4863899052143097,"y":0.005233084782958031,"z":-0.0029343292117118837,"w":0.8738574981689453},"size":15.655293464660645,"orthographic":false}